name,street_address,google_map,restaurant_type,food_review,price_range,latitude,longitude,postal_code
Smoke Jazz and Supper Club,"2751 Broadway New York, NY  10025",//www.google.com/maps/search/?api=1&query=40.8012200%2C-73.968013,Contemporary American,3.9,$31 to $50,40.8011258,-73.9681923,10025
Tavern on the Green,"1 Tavern on the Green New York, NY  10023",//www.google.com/maps/search/?api=1&query=40.7723930%2C-73.97862,American,4.4,$31 to $50,40.7721869,-73.9777215,10023
ABC Kitchen,"35 East 18th Street New York, NY  10003",//www.google.com/maps/search/?api=1&query=40.7377830%2C-73.989714,Contemporary American,4.6,$31 to $50,40.7378971,-73.9894995,10003
Catch New York,"21 Ninth Avenue New York, NY  10014",//www.google.com/maps/search/?api=1&query=40.7400440%2C-74.006049,Seafood,4.6,$31 to $50,40.7402272,-74.0063403,10014
Becco,"355 West 46th Street New York, NY  10010",//www.google.com/maps/search/?api=1&query=40.7604440%2C-73.989473,Italian,4.4,$30 and under,40.760804,-73.9898324,10010
Estiatorio Milos - NY,"125 West 55th Street New York, NY  10019",//www.google.com/maps/search/?api=1&query=40.7634560%2C-73.978894,Seafood,4.8,$50 and over,40.763598,-73.9789514,10019
Tao Uptown,"42 East 58th Street New York, NY  10022",//www.google.com/maps/search/?api=1&query=40.7626390%2C-73.97163,Asian,4.5,$31 to $50,40.7626068,-73.9714784,10022
Red Rooster Harlem,"310 Lenox Avenue New York, NY  10027",//www.google.com/maps/search/?api=1&query=40.8081470%2C-73.944909,Southern,4.4,$31 to $50,40.8080566,-73.9449139,10027
Del Frisco's Double Eagle Steak House - New York City,"1221 Avenue of the Americas New York, NY  10020",//www.google.com/maps/search/?api=1&query=40.7591640%2C-73.981365,Steakhouse,4.6,$50 and over,40.7594248,-73.9822224,10020
FIG & OLIVE Fifth Avenue,"10 East 52nd Street New York, NY  10021",//www.google.com/maps/search/?api=1&query=40.7595440%2C-73.975721,Mediterranean,4.5,$31 to $50,40.7592803,-73.9756337,10021
Rosa Mexicano by Lincoln Center,"61 Columbus Avenue New York, NY  10023",//www.google.com/maps/search/?api=1&query=40.7705900%2C-73.98357,Mexican,4.3,$31 to $50,40.771079,-73.9827734,10023
ABC Cocina,"38 East 19th Street New York, NY  10003",//www.google.com/maps/search/?api=1&query=40.7381770%2C-73.989533,Tapas / Small Plates,4.6,$30 and under,40.7379803,-73.98927,10003
Gallaghers Steakhouse - Manhattan,"228 West 52nd Street New York, NY  10019",//www.google.com/maps/search/?api=1&query=40.7627930%2C-73.98384,Steakhouse,4.7,$50 and over,40.7628238,-73.9838753,10019
Boulud Sud,"20 West 64th Street New York, NY  10023",//www.google.com/maps/search/?api=1&query=40.7716450%2C-73.981032,Mediterranean,4.6,$50 and over,40.7715807,-73.9811807,10023
Nougatine at Jean Georges,"1 Central Park West New York, NY  10023",//www.google.com/maps/search/?api=1&query=40.7684000%2C-73.9816,French,4.6,$31 to $50,40.7690255,-73.9816255,10023
Sarabeth's Central Park South,"40 Central Park South New York, NY  10019",//www.google.com/maps/search/?api=1&query=40.7652880%2C-73.975283,American,4.3,$30 and under,40.7651362,-73.9757026,10019
Tao Downtown,"92 Ninth Ave New York, NY  10011",//www.google.com/maps/search/?api=1&query=40.7426140%2C-74.004205,Pan-Asian,4.5,$50 and over,40.7425376,-74.0038464,10011
ilili,"236 Fifth Avenue New York, NY  10001",//www.google.com/maps/search/?api=1&query=40.7442760%2C-73.987587,Lebanese,4.7,$31 to $50,40.7444086,-73.9879156,10001
Scarpetta,"88 Madison Ave New York, NY  10016",//www.google.com/maps/search/?api=1&query=40.7444290%2C-73.985796,Italian,4.6,$31 to $50,40.7444337,-73.9857807,10016
Atlantic Grill Near Lincoln Center,"49 West 64th St. New York, NY  10023",//www.google.com/maps/search/?api=1&query=40.7720650%2C-73.981511,Seafood,4.3,$31 to $50,40.7721822,-73.9813041,10023
Empellon Midtown,"Empellon 510 Madison Avenue New York, NY  10022",//www.google.com/maps/search/?api=1&query=40.7596930%2C-73.974572,Contemporary Mexican,4.5,$31 to $50,40.7597188,-73.9748665,10022
Ocean Prime - New York,"123 West 52nd Street New York, NY  10019",//www.google.com/maps/search/?api=1&query=40.7617290%2C-73.980629,Seafood,4.7,$31 to $50,40.7618473,-73.9805453,10019
Sarabeth's West,"423 Amsterdam Avenue New York, NY  10024",//www.google.com/maps/search/?api=1&query=40.7838690%2C-73.977432,American,4.4,$30 and under,40.7838797,-73.9774244,10024
STK - NYC - Midtown,"1114 Avenue of the Americas New York, NY  10036",//www.google.com/maps/search/?api=1&query=40.7547900%2C-73.982626,Steakhouse,4.5,$31 to $50,40.7547172,-73.9827745,10036
Toloache-Midtown,"251 West 50th Street New York, NY  10012",//www.google.com/maps/search/?api=1&query=40.7621700%2C-73.985663,Mexican,4.5,$30 and under,40.7623091,-73.9855741,10012
Blue Fin - New York,"1567 Broadway at 47th Street W Hotel Times Square New York, NY  10036",//www.google.com/maps/search/?api=1&query=40.7592810%2C-73.985265,Seafood,4.4,$31 to $50,40.7593562,-73.98569,10036
Bar Boulud,"1900 Broadway New York, NY  10023",//www.google.com/maps/search/?api=1&query=40.7713730%2C-73.982034,French,4.4,$30 and under,40.771542,-73.9814645,10023
Hakkasan - New York,"311 West 43rd Street New York, NY  10036",//www.google.com/maps/search/?api=1&query=40.7583430%2C-73.990152,Chinese,4.6,$50 and over,40.7584487,-73.9900275,10036
Lincoln Ristorante,"142 West 65th St. New York, NY  10023",//www.google.com/maps/search/?api=1&query=40.7736160%2C-73.98356,Italian,4.6,$31 to $50,40.7733125,-73.9837555,10023
Caf? Boulud,"20 East 76th St. New York, NY  10021",//www.google.com/maps/search/?api=1&query=40.7745190%2C-73.963928,French,4.5,$50 and over,40.7744937,-73.9640958,10021
The View Restaurant,"1535 Broadway New York, NY  10036",//www.google.com/maps/search/?api=1&query=40.7582300%2C-73.985763,Contemporary American,4.2,$31 to $50,40.7587183,-73.9862168,10036
Park Avenue Spring,"360 Park Avenue South New York, NY  10010",//www.google.com/maps/search/?api=1&query=40.7424320%2C-73.985121,American,4.6,$31 to $50,40.7421397,-73.9855281,10010
Zuma Japanese Restaurant - NY,"261 Madison Avenue New York, NY  10016",//www.google.com/maps/search/?api=1&query=40.7504680%2C-73.980608,Japanese,4.6,$50 and over,40.7504971,-73.9806384,10016
La Pecora Bianca - NoMad,"1133 Broadway New York, NY  10010",//www.google.com/maps/search/?api=1&query=40.7436890%2C-73.989339,Italian,4.5,$30 and under,40.7437839,-73.9893618,10010
La Pecora Bianca - Midtown,"950 2nd Avenue New York, NY  10022",//www.google.com/maps/search/?api=1&query=40.7550050%2C-73.968053,Italian,4.4,$30 and under,40.7550058,-73.9680538,10022
Calle Ocho,"45 West 81st Street inside the Excelsior Hotel New York, NY  10024",//www.google.com/maps/search/?api=1&query=40.7828490%2C-73.973619,Latin American,4.3,$31 to $50,40.7830052,-73.9736309,10024
Sarabeth's Park Avenue South,"381 Park Ave South New York, NY  10013",//www.google.com/maps/search/?api=1&query=40.7425210%2C-73.984531,American,4.4,$30 and under,40.7423754,-73.9841967,10013
Lavo - NYC,"39 East 58th Street New York, NY  10022",//www.google.com/maps/search/?api=1&query=40.7623230%2C-73.970304,Italian,4.6,$50 and over,40.7629003,-73.9714637,10022
La Masseria,"235 West 48th Street New York, NY  10036",//www.google.com/maps/search/?api=1&query=40.7604370%2C-73.985575,Italian,4.7,$31 to $50,40.7608251,-73.9862213,10036
Lido,"2168 Frederick Douglass Blvd. New York, NY  10026",//www.google.com/maps/search/?api=1&query=40.8050550%2C-73.954881,Italian,4.5,$30 and under,40.8048926,-73.9546798,10026
Ristorante Morini,"1167 Madison Avenue New York, NY  10020",//www.google.com/maps/search/?api=1&query=40.7805840%2C-73.958881,Italian,4.6,$31 to $50,40.7805467,-73.9588577,10020
Morimoto New York,"88 10th Avenue New York, NY  10011",//www.google.com/maps/search/?api=1&query=40.7432360%2C-74.007408,Japanese,4.6,$50 and over,40.7430827,-74.0072503,10011
Aureole,"135 West 42nd Street New York, NY  10036",//www.google.com/maps/search/?api=1&query=40.7557500%2C-73.985568,American,4.4,$31 to $50,40.7555892,-73.9852848,10036
Fogo de Chao Brazilian Steakhouse - New York,"40 W 53rd Street New York, NY  10019",//www.google.com/maps/search/?api=1&query=40.7612960%2C-73.977954,Brazilian Steakhouse,4.6,$50 and over,40.7610935,-73.9777823,10019
Limani - NYC,"45 Rockefeller Plaza New York, NY  10011",//www.google.com/maps/search/?api=1&query=40.7591120%2C-73.977622,Mediterranean,4.6,$50 and over,40.7591829,-73.9778279,10011
Ai Fiori,"400 5th Avenue New York, NY  10018",//www.google.com/maps/search/?api=1&query=40.7502280%2C-73.983714,Contemporary European,4.6,$31 to $50,40.7500752,-73.9837835,10018
Philippe,"33 East 60th Street New York, NY  10065",//www.google.com/maps/search/?api=1&query=40.7641390%2C-73.970336,Chinese,4.6,$31 to $50,40.764135,-73.9702846,10065
'Cesca,"164 W. 75th St. New York, NY  10024",//www.google.com/maps/search/?api=1&query=40.7801000%2C-73.9792,Italian,4.1,$31 to $50,40.7802763,-73.9798894,10024
Butter Midtown,"70 West 45th New York, NY  10036",//www.google.com/maps/search/?api=1&query=40.7564900%2C-73.982279,Contemporary American,4.2,$31 to $50,40.7563375,-73.9822224,10036
Smith & Wollensky - New York,"797 Third Avenue New York, NY  10022",//www.google.com/maps/search/?api=1&query=40.7551690%2C-73.970853,Steakhouse,4.5,$50 and over,40.7551704,-73.9707437,10022
Orsay,"1057-59 Lexington Avenue New York, NY  10021",//www.google.com/maps/search/?api=1&query=40.7723970%2C-73.960762,French,4.3,$31 to $50,40.7723839,-73.9604582,10021
Nice Matin,"201 West 79th Street New York, NY  10024",//www.google.com/maps/search/?api=1&query=40.7831000%2C-73.9783,French,4.3,$31 to $50,40.7834267,-73.9784952,10024
db Bistro moderne,"55 West 44th Street New York, NY  10036",//www.google.com/maps/search/?api=1&query=40.7556310%2C-73.981658,French,4.4,$31 to $50,40.7559546,-73.9821076,10036
The Capital Grille - NY ??Time Life Building,"120 West 51st Street, Time Life Bldg. New York, NY  10020",//www.google.com/maps/search/?api=1&query=40.7608700%2C-73.98112,Steakhouse,4.6,$50 and over,40.7606647,-73.9814419,10020
FIG & OLIVE Meatpacking,"420 West 13th Street New York, NY  10014",//www.google.com/maps/search/?api=1&query=40.7406100%2C-74.00676,Mediterranean,4.5,$31 to $50,40.7406128,-74.0069163,10014
Barbounia,"250 Park Ave South New York, NY  10003",//www.google.com/maps/search/?api=1&query=40.7380000%2C-73.988,Mediterranean,4.5,$30 and under,40.7382552,-73.988214,10003
Kellari Taverna,"19 West 44th Street New York, NY  10036",//www.google.com/maps/search/?api=1&query=40.7550000%2C-73.98,Greek,4.4,$31 to $50,40.7555245,-73.980845,10036
Craft,"43 E. 19th St. New York, NY  10003",//www.google.com/maps/search/?api=1&query=40.7383870%2C-73.989275,American,4.7,$50 and over,40.7381819,-73.9886502,10003
Almond,"12 East 22nd Street New York, NY  10010",//www.google.com/maps/search/?api=1&query=40.7405000%2C-73.9893,Farm-to-table,4.4,$31 to $50,40.740048,-73.988742,10010
Dos Caminos - Times Square,"1567 Broadway W Hotel Times Square New York, NY  10036",//www.google.com/maps/search/?api=1&query=40.7593250%2C-73.985599,Mexican,4.2,$31 to $50,40.7593562,-73.98569,10036
Momofuku Nishi,"232 8th Ave New York, NY  10011",//www.google.com/maps/search/?api=1&query=40.7443480%2C-73.998807,Contemporary American,4.5,$31 to $50,40.7443534,-73.9988194,10011
Felidia,"243 E. 58th New York, NY  10022",//www.google.com/maps/search/?api=1&query=40.7606210%2C-73.966034,Italian,4.7,$31 to $50,40.7603605,-73.9651074,10022
Rosa Mexicano - Union Square,"9 E. 18th St. New York, NY  10003",//www.google.com/maps/search/?api=1&query=40.7380000%2C-73.991,Mexican,4.4,$31 to $50,40.7383272,-73.9907621,10003
Taboon,"773 10th Avenue New York, NY  10019",//www.google.com/maps/search/?api=1&query=40.7660830%2C-73.990785,Middle Eastern,4.7,$50 and over,40.7662319,-73.9910064,10019
Bocca Di Bacco (Theatre District - 45th St.),"635 9th Avenue New York, NY  10036",//www.google.com/maps/search/?api=1&query=40.7600000%2C-73.991,Italian,4.5,$30 and under,40.7602369,-73.9916534,10036
Rotisserie Georgette,"14 East 60th Street New York, NY  10022",//www.google.com/maps/search/?api=1&query=40.7644250%2C-73.971617,French American,4.6,$30 and under,40.7643208,-73.9717311,10022
The National Bar & Dining Rooms,"557 Lexington Ave New York, NY  10022",//www.google.com/maps/search/?api=1&query=40.7565930%2C-73.971947,Contemporary American,4.2,$30 and under,40.756593,-73.971947,10022
The Wayfarer,"101 West 57th St. New York, NY  10019",//www.google.com/maps/search/?api=1&query=40.7643890%2C-73.977469,American,4.3,$31 to $50,40.7646408,-73.9772407,10019
The Dining Room at The Metropolitan Museum of Art,"1000 5th Avenue in the Metropolitan Museum of Art New York, NY  10028",//www.google.com/maps/search/?api=1&query=40.7784230%2C-73.962677,Contemporary American,4.4,$50 and over,40.7794366,-73.963244,10028
Il Mulino New York - Uptown,"37 East 60th New York, NY  10021",//www.google.com/maps/search/?api=1&query=40.7641430%2C-73.970194,Italian,4.7,$50 and over,40.764144,-73.970195,10021
Molyvos,"871 7th Avenue New York, NY  10019",//www.google.com/maps/search/?api=1&query=40.7644260%2C-73.980646,Greek,4.4,$31 to $50,40.7644845,-73.9805464,10019
Danji,"346 West 52nd Street New York, NY  10019",//www.google.com/maps/search/?api=1&query=40.7640010%2C-73.986873,Korean,4.7,$31 to $50,40.7640352,-73.9868366,10019
Tommy Bahama - New York,"551 Fifth Avenue New York, NY  10176",//www.google.com/maps/search/?api=1&query=40.7553670%2C-73.978413,American,4.5,$30 and under,40.7553825,-73.9788937,10176
Marseille,"630 Ninth Avenue New York, NY  10036",//www.google.com/maps/search/?api=1&query=40.7599110%2C-73.991356,French,4.3,$31 to $50,40.759987,-73.9912338,10036
Sarabeth's East,"1295 Madison Avenue New York, NY  10128",//www.google.com/maps/search/?api=1&query=40.7845480%2C-73.956095,American,4.2,$30 and under,40.7847977,-73.9556597,10128
The Capital Grille - NY ??Chrysler Center,"155 E 42nd Street Located in the Trylon Towers of The Chrysler Center New York, NY  10017",//www.google.com/maps/search/?api=1&query=40.7513190%2C-73.974901,Steakhouse,4.7,$50 and over,40.7511656,-73.9748837,10017
Hunt & Fish Club NYC,"125 West 44th Street New York, NY  10036",//www.google.com/maps/search/?api=1&query=40.7567930%2C-73.984254,Steakhouse,4.6,$50 and over,40.7568129,-73.984243,10036
Ammos Estiatorio,"52 Vanderbilt Avenue New York, NY  10017",//www.google.com/maps/search/?api=1&query=40.7542670%2C-73.977181,Seafood,4.5,$31 to $50,40.7543343,-73.9773555,10017
T-BAR Steak & Lounge (Upper East Side),"1278 3rd Avenue New York, NY  10028",//www.google.com/maps/search/?api=1&query=40.7710000%2C-73.96,Steakhouse,4.5,$31 to $50,40.7707731,-73.9600923,10028
Bocca di Bacco (Hell's Kitchen - 54th St.),"828 9th Avenue New York, NY  10019",//www.google.com/maps/search/?api=1&query=40.7661560%2C-73.986752,Italian,4.6,$30 and under,40.7661302,-73.9867853,10019
The Clocktower,"5 Madison Ave. New York, NY  10010",//www.google.com/maps/search/?api=1&query=40.7411290%2C-73.98777,English,4.4,$50 and over,40.7412504,-73.9875224,10010
Masseria dei Vini,"887-889 9th Ave. New York, NY  10019",//www.google.com/maps/search/?api=1&query=40.7684920%2C-73.985762,Italian,4.6,$31 to $50,40.7684477,-73.9857048,10019
Lexington Brass,"517 Lexington Avenue New York, NY  10017",//www.google.com/maps/search/?api=1&query=40.7552470%2C-73.972979,American,4.4,$31 to $50,40.7553,-73.9728788,10017
Serra by Birreria,"200 Fifth Avenue New York, NY  10010",//www.google.com/maps/search/?api=1&query=40.7420200%2C-73.989927,Italian,4,$30 and under,40.7419931,-73.9899357,10010
GAONNURI,"1250 BROADWAY 39th Floor New York, NY  10001",//www.google.com/maps/search/?api=1&query=40.7481350%2C-73.988038,Korean,4.4,$31 to $50,40.7476831,-73.9878697,10001
Obao,"647 9th Avenue New York, NY  10036",//www.google.com/maps/search/?api=1&query=40.7606000%2C-73.991223,Thai,4.3,$31 to $50,40.7606544,-73.991332,10036
Remi,"145 West 53rd Street New York, NY  10019",//www.google.com/maps/search/?api=1&query=40.7624290%2C-73.980349,Italian,4.5,$31 to $50,40.7622408,-73.9798689,10019
Glass House Tavern,"252 West 47th Street New York, NY  10036",//www.google.com/maps/search/?api=1&query=40.7598310%2C-73.986685,Contemporary American,4.3,$31 to $50,40.759833,-73.986698,10036
Dos Caminos - Third Avenue,"825 Third Avenue at 50th Street New York, NY  10022",//www.google.com/maps/search/?api=1&query=40.7564780%2C-73.970271,Mexican,4.1,$31 to $50,40.7558722,-73.9701462,10022
Stella 34 Trattoria,"Macy?? at Herald Square 151 West 34th Street New York, NY  10001",//www.google.com/maps/search/?api=1&query=40.7501240%2C-73.988318,Italian,4.4,$30 and under,40.7507815,-73.9889593,10001
MR CHOW - 57th,"324 East 57th Street New York, NY  10022",//www.google.com/maps/search/?api=1&query=40.7588750%2C-73.964281,Chinese,4.6,$50 and over,40.7587261,-73.9644708,10022
Casa Lever,"390 Park Avenue New York, NY  10022",//www.google.com/maps/search/?api=1&query=40.7595780%2C-73.97239,Italian,4.6,$50 and over,40.7597285,-73.9729477,10022
Jams - NYC,"1414 6th Avenue New York, NY  10019",//www.google.com/maps/search/?api=1&query=40.7648320%2C-73.976823,American,4.2,$30 and under,40.7647578,-73.9765408,10019
Ousia,"629 W 57th St New York, NY  10019",//www.google.com/maps/search/?api=1&query=40.7714850%2C-73.994053,Mediterranean,4.4,$31 to $50,40.7709893,-73.9925681,10019
Rosa Mexicano - First Avenue,"1063 1st Avenue New York, NY  10022",//www.google.com/maps/search/?api=1&query=40.7589250%2C-73.962759,Mexican,4.4,$31 to $50,40.7589658,-73.9627039,10022
Red Cat,"227 Tenth Avenue New York, NY  10011",//www.google.com/maps/search/?api=1&query=40.7479920%2C-74.00417,American,4.6,$31 to $50,40.7481259,-74.0041907,10011
Ruth's Chris Steak House - New York City - Midtown,"148 West 51st Street New York, NY  10019",//www.google.com/maps/search/?api=1&query=40.7614000%2C-73.9821,Steakhouse,4.6,$31 to $50,40.7613323,-73.9821595,10019
Sea Fire Grill,"158 East 48th Street New York, NY  10017",//www.google.com/maps/search/?api=1&query=40.7548880%2C-73.972435,Seafood,4.6,$31 to $50,40.7546919,-73.9722216,10017
Blue Water Grill,"31 Union Square West at 16th Street New York, NY  10003",//www.google.com/maps/search/?api=1&query=40.7365330%2C-73.990786,Seafood,4.4,$31 to $50,40.7368125,-73.9911064,10003
Vaucluse,"100 East 63rd Street New York, NY  10065",//www.google.com/maps/search/?api=1&query=40.7649210%2C-73.967668,French,4.5,$31 to $50,40.7650225,-73.9676044,10065
LEGASEA,"485 Seventh Avenue New York, NY  10018",//www.google.com/maps/search/?api=1&query=40.7523580%2C-73.989319,Seafood,4.3,$50 and over,40.7522809,-73.9893607,10018
STK - NYC - Meatpacking,"26 Little West 12th St. New York, NY  10014",//www.google.com/maps/search/?api=1&query=40.7399000%2C-74.007395,Steakhouse,4.5,$31 to $50,40.7398399,-74.0071747,10014
Esca,"402 West 43rd Street New York, NY  10036",//www.google.com/maps/search/?api=1&query=40.7591600%2C-73.992316,Italian,4.3,$30 and under,40.7592097,-73.9927457,10036
The Leopard at des Artistes,"1 West 67th St. New York, NY  10023",//www.google.com/maps/search/?api=1&query=40.7734360%2C-73.978955,Italian,4.4,$50 and over,40.773502,-73.9789261,10023
21 Club,"21 West 52nd Street New York, NY  10019",//www.google.com/maps/search/?api=1&query=40.7602250%2C-73.97706,American,4.6,$50 and over,40.760533,-73.977397,10019
Benoit Restaurant and Wine Bar,"60 West 55th Street New York, NY  10019",//www.google.com/maps/search/?api=1&query=40.7624850%2C-73.976843,French,4.5,$31 to $50,40.7624832,-73.9773402,10019
DaDong NY,"3 Bryant Park New York, NY  10036",//www.google.com/maps/search/?api=1&query=40.7535960%2C-73.983232,Chinese,4,$31 to $50,40.7548449,-73.9845597,10036
Lincoln Square Steak,"208 West 70th Street New York, NY  10023",//www.google.com/maps/search/?api=1&query=40.7772340%2C-73.983146,Steakhouse,4.4,$50 and over,40.7775086,-73.9833154,10023
Club A Steakhouse,"240 East 58th Street New York, NY  10022",//www.google.com/maps/search/?api=1&query=40.7605260%2C-73.96609,Steakhouse,4.7,$31 to $50,40.7600512,-73.9655781,10022
Anassa Taverna,"200 East 60th Street New York, NY  10022",//www.google.com/maps/search/?api=1&query=40.7620370%2C-73.966063,Greek,4.4,$31 to $50,40.7619091,-73.9658824,10022
Cafe d'Alsace,"1695 2nd Ave (Corner of  88th Street & 2nd Ave) New York, NY  10128",//www.google.com/maps/search/?api=1&query=40.7790080%2C-73.950886,French,4.4,$31 to $50,40.7791721,-73.9510841,10128
Burke & Wills,"226 West 79th Street New York, NY  10024",//www.google.com/maps/search/?api=1&query=40.7833610%2C-73.979579,Australian,4.5,$31 to $50,40.7833649,-73.9795709,10024
Boucherie - Park Avenue South,"225 Park Ave South New York, NY  10003-1604",//www.google.com/maps/search/?api=1&query=40.7371080%2C-73.987891,French,4.2,$31 to $50,40.7371329,-73.9879502,10003
Natsumi Restaurant,"226 West 50th Street New York, NY  10019",//www.google.com/maps/search/?api=1&query=40.7618480%2C-73.985039,Japanese,4.5,$31 to $50,40.7617073,-73.9852527,10019
Armani Ristorante 5th Avenue,"717 5th Avenue New York, NY  10022",//www.google.com/maps/search/?api=1&query=40.7621420%2C-73.974562,Italian,4.6,$31 to $50,40.7617242,-73.9739578,10022
Brasserie Ruhlmann,"45 Rockefeller Plaza New York, NY  10011",//www.google.com/maps/search/?api=1&query=40.7590000%2C-73.978,French American,4.4,$31 to $50,40.7591829,-73.9778279,10011
Docks Oyster Bar and Seafood Grill,"633 Third Avenue New York, NY  10017",//www.google.com/maps/search/?api=1&query=40.7497930%2C-73.974831,Seafood,4.3,$31 to $50,40.7497356,-73.9747149,10017
Chez Josephine,"414 West 42nd Street New York, NY  10036",//www.google.com/maps/search/?api=1&query=40.7584870%2C-73.993562,French,4.3,$31 to $50,-73.9935856,10036,
Brasserie 8 1/2,"9 West 57th St. New York, NY  10019",//www.google.com/maps/search/?api=1&query=40.7632810%2C-73.974308,French,4.4,$31 to $50,40.763765,-73.9750139,10019
Churrascaria Plataforma Brazilian Steakhouse,"316 West 49th Street New York, NY  10019",//www.google.com/maps/search/?api=1&query=40.7618550%2C-73.987024,Brazilian Steakhouse,4.6,$50 and over,40.7620327,-73.9876634,10019
Riverpark,"450 East 29th Street New York, NY  10016",//www.google.com/maps/search/?api=1&query=40.7393840%2C-73.973595,American,4.5,$31 to $50,40.7398081,-73.9737283,10016
Casa Nonna - Midtown,"310 West 38th Street New York, NY  10010",//www.google.com/maps/search/?api=1&query=40.7549900%2C-73.992876,Italian,4.4,$31 to $50,40.7549995,-73.9927853,10010
Farmer & The Fish - Gramercy,"245 Park Ave S New York, NY  10003",//www.google.com/maps/search/?api=1&query=40.7379780%2C-73.987496,Farm-to-table,4.2,$30 and under,40.7379741,-73.9876775,10003
The Sea Grill,"Rockefeller Center - 19 W.49th Street or via the concourse thru any Rockefeller Center entrance New York, NY  10020",//www.google.com/maps/search/?api=1&query=40.7580000%2C-73.977,Seafood,4.6,$31 to $50,40.7584094,-73.9784184,10020
Bar Italia,"768 Madison Avenue New York, NY  10065",//www.google.com/maps/search/?api=1&query=40.7678710%2C-73.968442,Italian,4.5,$31 to $50,40.7679158,-73.9685168,10065
Strip House Midtown,"15 West 44th New York, NY  10036",//www.google.com/maps/search/?api=1&query=40.7552990%2C-73.980925,Steak,4.5,$50 and over,40.755344,-73.9806613,10036
Maiella - LIC,"46-10 Center Blvd. Long Island City, NY  11109",//www.google.com/maps/search/?api=1&query=40.7448040%2C-73.95789,Italian,4.6,$31 to $50,40.7473793,-73.9569939,11109
Storico,"New-York Historical Society 170 Central Park West New York, NY  10024",//www.google.com/maps/search/?api=1&query=40.7794400%2C-73.973911,Contemporary Italian,4.2,$31 to $50,40.7792476,-73.9742792,10024
Naples 45 Ristorante E Pizzeria,"200 Park Avenue New York, NY  10166",//www.google.com/maps/search/?api=1&query=40.7536600%2C-73.97586,Italian,4.2,$30 and under,40.7533488,-73.9766668,10166
La Sirena - The Dining Room,"88 Ninth Avenue New York, NY  10011",//www.google.com/maps/search/?api=1&query=40.7424570%2C-74.00382,Italian,4.3,$31 to $50,40.7423522,-74.0040829,10011
Benjamin Steakhouse Prime,"23 E 40th St. New York, NY  10016",//www.google.com/maps/search/?api=1&query=40.7514370%2C-73.979977,American,4.7,$50 and over,40.7514995,-73.9799312,10016
Tavern 62 by David Burke,"135 E 62nd St New York, NY  10065",//www.google.com/maps/search/?api=1&query=40.7644420%2C-73.967082,American,4.4,$31 to $50,40.7644339,-73.9670934,10065
Michael's,"24 West 55th Street New York, NY  10019",//www.google.com/maps/search/?api=1&query=40.7621300%2C-73.976223,American,4.6,$31 to $50,40.7620764,-73.9764372,10019
Le Coq Rico,"30 East 20th Street New York, NY  10003",//www.google.com/maps/search/?api=1&query=40.7385740%2C-73.988902,Contemporary French,4.7,$31 to $50,40.7385845,-73.9889027,10003
Match 65 Brasserie (formerly Paris Match),"29 East 65th Street New York, NY  10065",//www.google.com/maps/search/?api=1&query=40.7671920%2C-73.968298,French,4.4,$31 to $50,40.7672541,-73.9682118,10065
Barbetta Restaurant,"321 West 46th Street New York, NY  10036",//www.google.com/maps/search/?api=1&query=40.7600330%2C-73.988502,Italian,4.2,$31 to $50,40.7603928,-73.9889446,10036
Pera Mediterranean Brasserie,"303 Madison Avenue New York, NY  10017",//www.google.com/maps/search/?api=1&query=40.7525360%2C-73.979487,Mediterranean,4.4,$31 to $50,40.752316,-73.9794252,10017
The Whitby Bar and Restaurant,"18 W 56th St New York, NY  10019",//www.google.com/maps/search/?api=1&query=40.7626050%2C-73.975734,American,4.4,$31 to $50,40.7625874,-73.9757432,10019
FIG & OLIVE Uptown,"808 Lexington Avenue New York, NY  10065",//www.google.com/maps/search/?api=1&query=40.7644040%2C-73.966924,Mediterranean,4.2,$31 to $50,40.7644078,-73.9669097,10065
Monkey Bar,"60 East 54th Street New York, NY  10022",//www.google.com/maps/search/?api=1&query=40.7600270%2C-73.973006,American,4.3,$50 and over,40.7598899,-73.9732086,10022
Rock Center Cafe,"Rockefeller Center 20. West 50th Street New York, NY  10020",//www.google.com/maps/search/?api=1&query=40.7580000%2C-73.977,Contemporary American,4.2,$31 to $50,40.7588279,-73.9781906,10020
Obica Mozzarella Bar  Pizza e Cucina,"928 Broadway New York, NY  10010",//www.google.com/maps/search/?api=1&query=40.7400480%2C-73.989301,Italian,4.3,$31 to $50,40.7400454,-73.9891322,10010
Etcetera Etcetera,"352 West 44th Street New York, NY  10036",//www.google.com/maps/search/?api=1&query=40.7591600%2C-73.990333,Italian,4.6,$31 to $50,40.7592451,-73.9911523,10036
Caf? Centro,"Metlife Building 200 Park Avenue New York, NY  10166",//www.google.com/maps/search/?api=1&query=40.7538330%2C-73.975698,French,4.3,$31 to $50,40.7535178,-73.9767512,10166
Periyali,"35 W. 20th St. New York, NY  10011",//www.google.com/maps/search/?api=1&query=40.7401000%2C-73.992,Greek,4.6,$31 to $50,40.7407661,-73.9928511,10011
Shun Lee West,"43 West 65th Street New York, NY  10023",//www.google.com/maps/search/?api=1&query=40.7727140%2C-73.98143,Chinese,4.1,$31 to $50,40.7729,-73.9813485,10023
Haru Sushi - Amsterdam Ave,"433 Amsterdam Avenue New York, NY  10024",//www.google.com/maps/search/?api=1&query=40.7841670%2C-73.977247,Japanese,4.3,$31 to $50,40.784199,-73.977301,10024
Zengo - NYC,"622 Third Avenue New York, NY  10017",//www.google.com/maps/search/?api=1&query=40.7500930%2C-73.975875,Asian,4.4,$31 to $50,40.7497769,-73.9757026,10017
Manzo Ristorante - Eataly NYC Flatiron,"200 5th Avenue New York, NY  10010",//www.google.com/maps/search/?api=1&query=40.7419670%2C-73.989491,Italian,4.5,$31 to $50,40.7419931,-73.9899357,10010
Bagatelle - NY,"One Little West 12th New York, NY  10014",//www.google.com/maps/search/?api=1&query=40.7396090%2C-74.006141,French,4.3,$31 to $50,40.7396384,-74.0058723,10014
Trattoria Zero Otto Nove,"15 West 21st Street New York, NY  10010",//www.google.com/maps/search/?api=1&query=40.7408570%2C-73.991622,Italian,4.5,$31 to $50,40.7408377,-73.9915684,10010
Ortzi by Jose Garces,"120 W 41st St New York, NY  10036",//www.google.com/maps/search/?api=1&query=40.7544110%2C-73.985758,Basque,4.5,$31 to $50,40.7543759,-73.9858036,10036
American Cut Steakhouse Midtown,"109 East 56th St. New York, NY  10022",//www.google.com/maps/search/?api=1&query=40.7607860%2C-73.970371,Steakhouse,4.6,$31 to $50,40.7608714,-73.9706595,10022
Maloney & Porcelli,"37 E. 50th St. New York, NY  10022",//www.google.com/maps/search/?api=1&query=40.7577590%2C-73.975376,American,4.4,$50 and over,40.7578794,-73.9746006,10022
Royal 35 Steakhouse,"1 E 35th St New York, NY  10016",//www.google.com/maps/search/?api=1&query=40.7490760%2C-73.983398,Steakhouse,4.8,$50 and over,40.74901,-73.983485,10016
Chazz Palminteri Italian Restaurant,"30 W 46th Street New York, NY  10036",//www.google.com/maps/search/?api=1&query=40.7564730%2C-73.98063,Italian,4.6,$50 and over,40.7564645,-73.980563,10036
Bodega Negra,"355 West 16th street New York, NY  10011",//www.google.com/maps/search/?api=1&query=40.7420080%2C-74.003721,Contemporary Mexican,4.5,$50 and over,40.7423311,-74.0034791,10011
Dos Caminos - Park,"373 Park Ave South at 27th Street New York, NY  10016",//www.google.com/maps/search/?api=1&query=40.7423580%2C-73.984693,Mexican,4.3,$31 to $50,40.7421247,-73.9843344,10016
Barraca,"81 Greenwich Ave New York, NY  10014",//www.google.com/maps/search/?api=1&query=40.7370790%2C-74.001583,Spanish,4.3,$31 to $50,40.7370027,-74.0015437,10014
Gabriel's Bar & Restaurant,"11 West 60th St. New York, NY  10023",//www.google.com/maps/search/?api=1&query=40.7690460%2C-73.982426,Italian,4.5,$50 and over,40.7693649,-73.9828696,10023
The Cecil Steakhouse,"210 W 118th St New York, NY  10026",//www.google.com/maps/search/?api=1&query=40.8046950%2C-73.952523,American,4.2,$31 to $50,40.8047705,-73.952519,10026
Dos Caminos ??Meatpacking,"675 Hudson Street at 14th Street New York, NY  10014",//www.google.com/maps/search/?api=1&query=40.7404350%2C-74.005212,Mexican,4.2,$31 to $50,40.7405323,-74.0054882,10014
Bobby Van's Grill - 50th Street,"135 West 50th Street New York, NY  10020",//www.google.com/maps/search/?api=1&query=40.7600000%2C-73.982,American,4.4,$31 to $50,40.7606896,-73.9823111,10020
Untitled at the Whitney,"99 Gansevoort Street New York, NY  10014",//www.google.com/maps/search/?api=1&query=40.7396330%2C-74.008876,American,4.6,$31 to $50,40.7396059,-74.0089716,10014
Bedford & Co.,"118 East 40th Street New York, NY  10016",//www.google.com/maps/search/?api=1&query=40.7502080%2C-73.977637,Contemporary American,4.4,$31 to $50,40.7501922,-73.9775392,10016
Pampano New York,"209 E. 49th St. New York, NY  10017",//www.google.com/maps/search/?api=1&query=40.7551000%2C-73.971,Mexican,4.4,$31 to $50,40.7550102,-73.9704858,10017
Cipriani - Dolci,"89 East 42nd Street Grand Central Terminal West Balcony New York, NY  10017",//www.google.com/maps/search/?api=1&query=40.7519560%2C-73.977232,Italian,4.3,$31 to $50,40.7529559,-73.9775909,10017
Lugo Cucina,"1 Penn Plaza New York, NY  10019",//www.google.com/maps/search/?api=1&query=40.7514970%2C-73.99281,Italian,4.2,$31 to $50,40.7512148,-73.9922255,10019
Rouge Tomate Chelsea,"126 W 18th St New York, NY  10011",//www.google.com/maps/search/?api=1&query=40.7402200%2C-73.996266,Contemporary American,4.4,$31 to $50,40.7402203,-73.9962661,10011
Socarrat Paella Bar - Chelsea,"259 W 19th St. New York, NY  10011",//www.google.com/maps/search/?api=1&query=40.7427570%2C-73.999476,Spanish,4.5,$31 to $50,40.7427139,-73.999508,10011
Bann Restaurant,"350 West 50th Street New York, NY  10019",//www.google.com/maps/search/?api=1&query=40.7629670%2C-73.987845,Korean,4.5,$31 to $50,40.7629136,-73.9881449,10019
Socarrat Paella Bar - Midtown East,"953 Second Avenue New York, NY  10022",//www.google.com/maps/search/?api=1&query=40.7552520%2C-73.968451,Spanish,4.4,$31 to $50,40.7553091,-73.9685283,10022
High Street on Hudson,"637 hudson st New York, NY  10014",//www.google.com/maps/search/?api=1&query=40.7388420%2C-74.005791,Contemporary American,4.3,$31 to $50,40.7388972,-74.0057401,10014
Hanjan,"36 West 26th Street New York, NY  10010",//www.google.com/maps/search/?api=1&query=40.7441790%2C-73.990668,Korean,4.5,$31 to $50,40.7442413,-73.9906129,10010
Le Colonial NYC,"149 E. 57th St New York, NY  10022",//www.google.com/maps/search/?api=1&query=40.7610000%2C-73.969,Vietnamese,4.2,$31 to $50,40.7608569,-73.9683494,10022
Delmonico's Kitchen,"207 West 36th Street New York, NY  10018",//www.google.com/maps/search/?api=1&query=40.7524190%2C-73.989978,American,4.3,$31 to $50,40.7526176,-73.9901605,10018
Morton's The Steakhouse - Midtown Manhattan,"551 5th Ave (entrance on 45th St.) New York, NY  10017",//www.google.com/maps/search/?api=1&query=40.7555820%2C-73.979297,Steakhouse,4.7,$50 and over,40.7553825,-73.9788937,10017
Ted's Montana Grill - NYC,"110 West 51st Street Time Life Bldg. New York, NY  10020",//www.google.com/maps/search/?api=1&query=40.7611920%2C-73.981581,American,4.2,$31 to $50,40.7606647,-73.9814419,10020
Trattoria Italienne,"19 West 24th Street New York, NY  10010",//www.google.com/maps/search/?api=1&query=40.7436870%2C-73.99224,Italian,4.7,$30 and under,40.7430619,-73.9903948,10010
Felice 64 Wine Bar,"1166 1st avenue New York, NY  10065",//www.google.com/maps/search/?api=1&query=40.7625140%2C-73.959484,Italian,4.6,$31 to $50,40.7625672,-73.9595639,10065
Shun Lee Palace,"155 East 55th Street New York, NY  10022",//www.google.com/maps/search/?api=1&query=40.7594570%2C-73.969509,Chinese,4.2,$31 to $50,40.759428,-73.9690678,10022
Aretsky's Patroon,"160 East 46th Street New York, NY  10017",//www.google.com/maps/search/?api=1&query=40.7536220%2C-73.973695,American,4.7,$31 to $50,40.7533599,-73.9732416,10017
Frankie and Johnnie's Steakhouse - 46th Street,"320 West 46th New York, NY  10036",//www.google.com/maps/search/?api=1&query=40.7599750%2C-73.988913,Steakhouse,4.3,$31 to $50,40.7599678,-73.9889027,10036
Davio's Northern Italian Steakhouse - Manhattan,"447 Lexington Ave. New York, NY  10017",//www.google.com/maps/search/?api=1&query=40.7529770%2C-73.974498,Steakhouse,4.5,$31 to $50,40.7530076,-73.9746387,10017
Massoni,"11 E 31st St New York, NY  10016",//www.google.com/maps/search/?api=1&query=40.7463600%2C-73.984946,Italian,4.3,$31 to $50,40.7463171,-73.9849083,10016
.Tarallucci e Vino Upper West Side,"475 Columbus Ave New York, NY  10024",//www.google.com/maps/search/?api=1&query=40.7842980%2C-73.973346,Italian,4.3,$31 to $50,40.7843419,-73.9734658,10024
Clement,"700 Fifth Avenue New York, NY  10019",//www.google.com/maps/search/?api=1&query=40.7618300%2C-73.975402,American,4.6,$31 to $50,40.7617014,-73.9754271,10019
MIFUNE New York,":??245 E, 44th Street New York, NY  10017",//www.google.com/maps/search/?api=1&query=40.7516370%2C-73.97176,Japanese,4.5,$31 to $50,40.7516375,-73.9717605,10017
Sutton Inn,"347 East 54th Street New York, NY  10022",//www.google.com/maps/search/?api=1&query=40.7568060%2C-73.96475,American,4.7,$30 and under,40.756816,-73.9647401,10022
The House in Gramercy Park,"121 East 17th St New York, NY  10003",//www.google.com/maps/search/?api=1&query=40.7361320%2C-73.987743,American,4.4,$31 to $50,40.7361326,-73.9877434,10003
Cleo At MONDRIAN PARK AVENUE,"444????ark????venue????outh New York, NY  10016",//www.google.com/maps/search/?api=1&query=40.7450670%2C-73.983364,Mediterranean,4.6,$31 to $50,40.7448378,-73.9833243,10016
Naoki Takahashi,"311 W 17th Street New York, NY  10011",//www.google.com/maps/search/?api=1&query=40.7420080%2C-74.001558,Japanese,4.6,$31 to $50,40.7420112,-74.0015624,10011
Junoon Main Dining Room,"27 West 24th St. New York, NY  10010",//www.google.com/maps/search/?api=1&query=40.7431930%2C-73.990838,Indian,4.5,$50 and over,40.7431592,-73.990808,10010
Brasserie Cognac,"1740 Broadway New York, NY  10019",//www.google.com/maps/search/?api=1&query=40.7650990%2C-73.982064,French,4.1,$31 to $50,40.7651088,-73.9814878,10019
Scampi,"30 W 18th St New York, NY  10011",//www.google.com/maps/search/?api=1&query=40.7390420%2C-73.993493,Italian,4.6,$30 and under,40.7390428,-73.9934938,10011
Society Cafe,"52 W 13th Street New York, NY  10011",//www.google.com/maps/search/?api=1&query=40.7363170%2C-73.996523,American,4.2,$31 to $50,40.7361334,-73.9966616,10011
Suzuki,"114 W 47th Street New York, NY  10036",//www.google.com/maps/search/?api=1&query=40.7581400%2C-73.983006,Japanese,4.4,$50 and over,40.7580887,-73.9831407,10036
Inakaya,"231 West 40th Street New York, NY  10018",//www.google.com/maps/search/?api=1&query=40.7556230%2C-73.989558,Japanese,4.4,$31 to $50,40.755623,-73.9895581,10018
Rossini's Restaurant,"108 East 38 Street New York, NY  10016",//www.google.com/maps/search/?api=1&query=40.7492320%2C-73.97872,Italian,4.6,$31 to $50,40.7491301,-73.9788937,10016
Charlie Palmer Steak,"47 West 38th Street New York, NY  10018",//www.google.com/maps/search/?api=1&query=40.7519690%2C-73.98484,Steakhouse,4.4,$31 to $50,40.7519694,-73.9848404,10018
Bocca,"39 East 19th Street New York, NY  10003",//www.google.com/maps/search/?api=1&query=40.7383090%2C-73.989553,Italian,4.4,$30 and under,40.7382691,-73.9888568,10003
NYY Steak Midtown- New York Yankees Steakhouse,"7 West 51st Street New York, NY  10019",//www.google.com/maps/search/?api=1&query=40.7597200%2C-73.977479,Steakhouse,4.6,$31 to $50,40.7597501,-73.9774474,10019
Irvington,"201 Park Ave S New York, NY 10003 New York, NY  10003",//www.google.com/maps/search/?api=1&query=40.7365430%2C-73.988749,Contemporary American,4.2,$30 and under,40.7366021,-73.9885354,10003
Charlie Palmer at The Knick,"6 Times Square New York, NY 10036 New York, NY  10036",//www.google.com/maps/search/?api=1&query=40.7555830%2C-73.98627,Contemporary American,4.1,$31 to $50,40.7555831,-73.9862701,10036
Nick & Stef?? Steakhouse - New York,"9 Penn Plaza New York, NY  10001",//www.google.com/maps/search/?api=1&query=40.7510730%2C-73.993289,Steakhouse,4.3,$31 to $50,40.7510597,-73.9932303,10001
Altesi Ristorante,"26 E 64th Street New York, NY  10065",//www.google.com/maps/search/?api=1&query=40.7666620%2C-73.969575,Italian,4.5,$31 to $50,40.7666785,-73.9695801,10065
Giorgio's of Gramercy,"27 East 21st Street New York, NY  10010",//www.google.com/maps/search/?api=1&query=40.7396800%2C-73.989201,Contemporary American,4.6,$31 to $50,40.7397036,-73.9886272,10010
Perrine,"2 East 61st Street New York, NY  10065",//www.google.com/maps/search/?api=1&query=40.7651280%2C-73.972039,French American,4.4,$31 to $50,40.7651828,-73.9718937,10065
La Fonda Del Sol,"200 Park Avenue at East 44th Street MetLife Building New York, NY  10020",//www.google.com/maps/search/?api=1&query=40.7537160%2C-73.977437,Spanish,4.4,$31 to $50,40.7535178,-73.9767512,10020
Morrell Wine Bar & Cafe,"1 Rockefeller Plaza New York, NY  10020",//www.google.com/maps/search/?api=1&query=40.7580000%2C-73.979,American,4.2,$31 to $50,40.7580629,-73.9788542,10020
Bobby Van's Grill Times Square,"120 W. 45th Street New York, NY  10036",//www.google.com/maps/search/?api=1&query=40.7570170%2C-73.983915,American,4.3,$50 and over,40.7570353,-73.9838753,10036
Kingside,"124 WEST 57TH ST New York, NY  10019",//www.google.com/maps/search/?api=1&query=40.7646960%2C-73.978108,American,4,$31 to $50,40.7646394,-73.9784473,10019
I Trulli,"122 East 27th Street New York, NY  10016",//www.google.com/maps/search/?api=1&query=40.7421370%2C-73.983574,Italian,4.5,$31 to $50,40.742097,-73.983681,10016
Haru Hell's Kitchen,"859 9th Ave New York, NY  10019",//www.google.com/maps/search/?api=1&query=40.7672380%2C-73.9866,Japanese,4.3,$31 to $50,40.7671813,-73.9866373,10019
Bob's Steak & Chop House-New York,"19 East 52nd St. New York, NY  10022",//www.google.com/maps/search/?api=1&query=40.7593290%2C-73.975153,Steakhouse,4.6,$50 and over,-73.9750827,10022,
Il Postino,"337 East 49th Street New York, NY  10017",//www.google.com/maps/search/?api=1&query=40.7532620%2C-73.966601,Italian,4.6,$50 and over,40.7537584,-73.9674607,10017
Restaurant Nippon,"155 East 52nd Street New York, NY  10022",//www.google.com/maps/search/?api=1&query=40.7575370%2C-73.970333,Japanese,4.4,$31 to $50,40.7574337,-73.9703764,10022
Green Fig,"570 10th Ave New York, NY  10036",//www.google.com/maps/search/?api=1&query=40.7591560%2C-73.995456,Mediterranean,3.9,$31 to $50,40.7591568,-73.9954561,10036
Tender Restaurant,"130 W 47th Street New York, NY  10036",//www.google.com/maps/search/?api=1&query=40.7585540%2C-73.983101,American,4.3,$31 to $50,40.7583494,-73.9832095,10036
.Tarallucci e Vino Union Square,"15 East 18th Street New York, NY  10003",//www.google.com/maps/search/?api=1&query=40.7380810%2C-73.99083,Italian,4.4,$31 to $50,40.7382078,-73.9906014,10003
Bobby Van's Steakhouse - 54th Street,"131 E. 54th Street New York, NY  10169",//www.google.com/maps/search/?api=1&query=40.7591420%2C-73.970869,Steakhouse,4.6,$31 to $50,40.759345,-73.970949,10169
Astor Court,"2 East 55th Street New York, NY  10022",//www.google.com/maps/search/?api=1&query=40.7614000%2C-73.97487,International,4.5,$31 to $50,40.7613979,-73.9746128,10022
Sofrito NYC,"679 Riverside Dr. New York, NY  10031",//www.google.com/maps/search/?api=1&query=40.8272370%2C-73.95526,Latin / Spanish,4.1,$30 and under,40.8264806,-73.9560005,10031
Tarallucci e Vino NoMad,"44 East 28th Street New York, NY  10016",//www.google.com/maps/search/?api=1&query=40.7435720%2C-73.984706,Italian,4.1,$31 to $50,40.7433821,-73.9846389,10016
Frankie & Johnnie's Steakhouse - Manhattan,"32 West 37th New York, NY  10018",//www.google.com/maps/search/?api=1&query=40.7507000%2C-73.9841,Steak,4.4,$31 to $50,40.7508297,-73.984917,10018
The Shakespeare,"24 E. 39th Street New York, NY  10016",//www.google.com/maps/search/?api=1&query=40.7506060%2C-73.980175,British,4.3,$31 to $50,40.7504836,-73.9802711,10016
Gaby Brasserie Fran?aise,"44 West 45th Street - Gaby Brasserie Fran?aise Gaby Brasserie Fran?aise New York, NY  10036",//www.google.com/maps/search/?api=1&query=40.7561950%2C-73.981364,French,4.2,$31 to $50,40.7561034,-73.9816867,10036
SOUTHGATE Bar & Restaurant,"160 Central Park South New York, NY  10019",//www.google.com/maps/search/?api=1&query=40.7663360%2C-73.977801,American,4.2,$31 to $50,40.7660165,-73.9786411,10019
Empire Steakhouse - 237 West 54 Street off of Broadway,"237 West 54th Street New York, NY  10019",//www.google.com/maps/search/?api=1&query=40.7643680%2C-73.98313,Steakhouse,4.4,$50 and over,40.7644815,-73.9830488,10019
STATE Grill and Bar,"21 West 33rd Street New York, NY  10118",//www.google.com/maps/search/?api=1&query=40.7483460%2C-73.986424,American,4.4,$31 to $50,40.7485323,-73.9863405,10118
The Lambs Club - Bar,"132 W. 44th Street New York, NY  10036",//www.google.com/maps/search/?api=1&query=40.7565060%2C-73.984634,Contemporary American,4.3,$50 and over,40.7565062,-73.9846347,10036
Bocca Di Bacco (Chelsea - 20th St.),"169 9th Avenue New York, NY  10011",//www.google.com/maps/search/?api=1&query=40.7445350%2C-74.002902,Italian,4.2,$30 and under,-74.0030186,10011,
Amma,"246 E. 51st Street New York, NY  10022",//www.google.com/maps/search/?api=1&query=40.7560000%2C-73.969,Indian,4.7,$31 to $50,40.755562,-73.9687464,10022
Ben and Jack's Steakhouse 44th Street,"219 East 44th Street New York, NY  10017",//www.google.com/maps/search/?api=1&query=40.7518930%2C-73.97306,Steakhouse,4.6,$50 and over,40.751837,-73.972356,10017
Jue Lan Club,"49 W 20th Street New York, NY  10011",//www.google.com/maps/search/?api=1&query=40.7410250%2C-73.993575,Chinese,3.7,$31 to $50,40.7410473,-73.9936086,10011
Empire Steak House- East,"151 East 50th Street New York, NY  10022",//www.google.com/maps/search/?api=1&query=40.7561990%2C-73.971202,Steakhouse,4.4,$50 and over,40.7561844,-73.9712258,10022
Bread & Tulips,"365 Park Avenue South New York, NY  10016",//www.google.com/maps/search/?api=1&query=40.7421850%2C-73.984704,Italian,4.4,$30 and under,40.7421174,-73.984741,10016
Tudor City Steak House,"45 Tudor City Pl New York, NY  10017-7601",//www.google.com/maps/search/?api=1&query=40.7493960%2C-73.969991,Steak,4.4,$31 to $50,40.7493965,-73.9699911,10017
Triomphe,"49 West 44th Street New York, NY  10036",//www.google.com/maps/search/?api=1&query=40.7555590%2C-73.981482,French American,4.3,$31 to $50,40.7558763,-73.981963,10036
Blenheim,"283 West 12th Street New York, NY  10014",//www.google.com/maps/search/?api=1&query=40.7375360%2C-74.004009,Contemporary American,4.2,$31 to $50,40.7376767,-74.0040071,10014
1 Darbar,"152 E 46th Street New York, NY  10017",//www.google.com/maps/search/?api=1&query=40.7540000%2C-73.974,Indian,4.4,$30 and under,40.7535116,-73.9735331,10017
Zio Ristorante,"17 West 19th St. New York, NY  10011",//www.google.com/maps/search/?api=1&query=40.7395650%2C-73.992479,Italian,4.5,$31 to $50,40.7396687,-73.9924795,10011
Meet the Meat,"23-92 21st Street Astoria, NY  11105",//www.google.com/maps/search/?api=1&query=40.7771740%2C-73.921291,Steakhouse,4.7,$31 to $50,40.7770481,-73.9214503,11105
The Morgan Dining Room,"225 Madison Avenue New York, NY  10016",//www.google.com/maps/search/?api=1&query=40.7492090%2C-73.981526,American,4.2,$30 and under,40.7492094,-73.9815265,10016
Montebello Ristorante Italiano,"120 E. 56th St. New York, NY  10022",//www.google.com/maps/search/?api=1&query=40.7604910%2C-73.970195,Italian,4.3,$31 to $50,40.7604828,-73.9706519,10022
2 Darbar Grill,"157 East 55th Street New York, NY  10022",//www.google.com/maps/search/?api=1&query=40.7593510%2C-73.968813,Indian,4.6,$30 and under,40.759341,-73.9688386,10022
Gin Parlour - InterContinental New York,"111 East 48th Street New York, NY  10017",//www.google.com/maps/search/?api=1&query=40.7557130%2C-73.974396,Contemporary American,3.2,$30 and under,40.7556389,-73.9734987,10017
Michael Jordan's The Steak House N.Y.C.,"23 Vanderbilt Ave New York, NY  10017",//www.google.com/maps/search/?api=1&query=40.7531000%2C-73.9779,Steakhouse,3.9,$31 to $50,40.753062,-73.9772273,10017
Beauty & Essex- New York,"146 Essex Street New York, NY  10002",//www.google.com/maps/search/?api=1&query=40.7203670%2C-73.986774,Tapas / Small Plates,4.6,$31 to $50,40.7204209,-73.9868826,10002
Mercer Kitchen,"99 Prince Street New York, NY  10012",//www.google.com/maps/search/?api=1&query=40.7248000%2C-73.9988,American,4.3,$30 and under,40.7249587,-73.9987276,10012
The Dutch,"131 Sullivan Street New York, NY  10000",//www.google.com/maps/search/?api=1&query=40.7265770%2C-74.002204,American,4.5,$31 to $50,40.7265537,-74.0020789,10000
Lafayette,"380 Lafayette Street New York, NY  10003",//www.google.com/maps/search/?api=1&query=40.7275520%2C-73.993418,French,4.4,$31 to $50,40.7276201,-73.9937785,10003
Vandal,"199 Bowery New York, NY  10002",//www.google.com/maps/search/?api=1&query=40.7211380%2C-73.993373,Tapas / Small Plates,4.5,$50 and over,40.7210706,-73.9933815,10002
Gotham Bar and Grill,"12 East 12th Street New York, NY  10003",//www.google.com/maps/search/?api=1&query=40.7340000%2C-73.994,Contemporary American,4.7,$50 and over,40.734207,-73.993699,10003
Il Buco Alimentari & Vineria,"53 Great Jones St. New York, NY  10012",//www.google.com/maps/search/?api=1&query=40.7264530%2C-73.992549,Italian,4.6,$31 to $50,40.7264417,-73.9925756,10012
Bar Primi,"325 Bowery New York, NY  10003",//www.google.com/maps/search/?api=1&query=40.7256460%2C-73.991812,Italian,4.6,$30 and under,40.7257162,-73.9916803,10003
Lure New York,"142 Mercer New York, NY  10012",//www.google.com/maps/search/?api=1&query=40.7246000%2C-73.9984,Seafood,4.7,$31 to $50,40.724703,-73.9983278,10012
Nix,"72 University Place New York, NY  10003",//www.google.com/maps/search/?api=1&query=40.7332500%2C-73.993674,Vegetarian,4.7,$31 to $50,40.7332572,-73.993611,10003
Lupa,"170 Thompson Street New York, NY  10012",//www.google.com/maps/search/?api=1&query=40.7276450%2C-74.000328,Italian,4.6,$31 to $50,40.7276574,-74.0000589,10012
Claudette,"24 Fifth Avenue New York, NY  10011",//www.google.com/maps/search/?api=1&query=40.7331340%2C-73.995975,French,4.6,$30 and under,40.7332403,-73.9962714,10011
Empellon Taqueria,"230 West 4th New York, NY  10014",//www.google.com/maps/search/?api=1&query=40.7341240%2C-74.003031,Mexican,4.5,$31 to $50,40.734142,-74.0030683,10014
Perry St,"176 Perry Street New York, NY  10014",//www.google.com/maps/search/?api=1&query=40.7346000%2C-74.0093,Contemporary American,4.7,$31 to $50,40.7344295,-74.0096996,10014
Boucherie - West Village,"99 7th Avenue South New York, NY  10014",//www.google.com/maps/search/?api=1&query=40.7330470%2C-74.002877,French,4.3,$31 to $50,40.7330828,-74.0028776,10014
Indochine,"430 Lafayette Street New York, NY  10003",//www.google.com/maps/search/?api=1&query=40.7292410%2C-73.992523,Vietnamese,4.6,$50 and over,40.729286,-73.9924838,10003
El Vez New York,"259 Vesey Street New York, NY  10282",//www.google.com/maps/search/?api=1&query=40.7143160%2C-74.01514,Mexican,4.5,$30 and under,40.7147234,-74.0156345,10282
Public Kitchen,"215 Chrystie St New York, NY  10002-1239",//www.google.com/maps/search/?api=1&query=40.7226170%2C-73.99155,"Global, International",4.4,$31 to $50,40.7231104,-73.9920935,10002
Tamarind - Tribeca,"99 Hudson Street New York, NY  10013",//www.google.com/maps/search/?api=1&query=40.7189770%2C-74.008929,Indian,4.7,$31 to $50,40.71914,-74.0090339,10013
The Stanton Social,"99 Stanton Street New York, NY  10002",//www.google.com/maps/search/?api=1&query=40.7212000%2C-73.9878,Tapas / Small Plates,4.5,$31 to $50,40.7211375,-73.9881222,10002
Hearth,"403 East 12 Street New York, NY  10009",//www.google.com/maps/search/?api=1&query=40.7299800%2C-73.983468,American,4.7,$50 and over,40.7300263,-73.9831883,10009
Sarabeth's TriBeCa,"339 Greenwich Street New York, NY  10013",//www.google.com/maps/search/?api=1&query=40.7183450%2C-74.010291,American,4.3,$30 and under,40.7182443,-74.0102585,10013
Leuca,"111 N 12th St Brooklyn, NY  11249",//www.google.com/maps/search/?api=1&query=40.7221200%2C-73.957168,Italian,4.6,$31 to $50,40.722293,-73.9566815,11249
Sant Ambroeus SoHo,"265 Lafayette Street New York, NY  10012",//www.google.com/maps/search/?api=1&query=40.7234180%2C-73.996567,Italian,4.7,$31 to $50,40.7234755,-73.9964322,10012
Il Cantinori,"32 East 10th Street New York, NY  10003",//www.google.com/maps/search/?api=1&query=40.7330000%2C-73.994,Italian,4.7,$50 and over,40.7321769,-73.9932049,10003
MR CHOW - TriBeca,"121 Hudson Street New York, NY  10013",//www.google.com/maps/search/?api=1&query=40.7199930%2C-74.008582,Chinese,4.4,$50 and over,40.720145,-74.0087275,10013
Narcissa Restaurant,"25 Cooper Square New York, NY  10003",//www.google.com/maps/search/?api=1&query=40.7279310%2C-73.990785,Contemporary American,4.4,$31 to $50,40.7278415,-73.9907391,10003
Il Mulino New York - Downtown,"86 West 3rd Street New York, NY  10012",//www.google.com/maps/search/?api=1&query=40.7298290%2C-73.999091,Italian,4.7,$50 and over,40.7297668,-73.9991407,10012
Sant Ambroeus - West Village,"259 West 4th Street New York, NY  10014",//www.google.com/maps/search/?api=1&query=40.7354210%2C-74.003143,Italian,4.7,$31 to $50,40.735375,-74.0031578,10014
Pig and Khao,"68 Clinton Street New York, NY  10002",//www.google.com/maps/search/?api=1&query=40.7192500%2C-73.984737,Southeast Asian,4.7,$31 to $50,40.7192718,-73.9848038,10002
Little Park,"85 West Broadway New York, NY  10007",//www.google.com/maps/search/?api=1&query=40.7151430%2C-74.009182,Contemporary American,4.5,$31 to $50,40.7152136,-74.0091257,10007
Neta,"61 West 8th Street New York, NY  10011",//www.google.com/maps/search/?api=1&query=40.7334310%2C-73.999077,Japanese,4.6,$50 and over,40.7336404,-73.9989571,10011
Tutto Il Giorno -Tribeca,"114 Franklin Street New York, NY  10013",//www.google.com/maps/search/?api=1&query=40.7188060%2C-74.005974,Italian,4.6,$50 and over,40.718804,-74.0059811,10013
Bobo Restaurant,"181 West 10th Street New York, NY  10014",//www.google.com/maps/search/?api=1&query=40.7342970%2C-74.002619,French,4.5,$30 and under,40.7344781,-74.0026183,10014
Rafele,"29 Seventh Ave. South New York, NY  10014",//www.google.com/maps/search/?api=1&query=40.7307520%2C-74.004144,Italian,4.6,$31 to $50,40.7308623,-74.0041448,10014
Essex,"119 Rivington St New York, NY  10002",//www.google.com/maps/search/?api=1&query=40.7197070%2C-73.987415,Fusion / Eclectic,4.2,$30 and under,40.7197072,-73.987415,10002
Tiny's & the Bar Upstairs,"135 West Broadway New York, NY  10002",//www.google.com/maps/search/?api=1&query=40.7167470%2C-74.008037,Contemporary American,4.5,$31 to $50,40.7167037,-74.0079895,10002
BAAR BAAR,"13 E 1st St New York, NY  10003",//www.google.com/maps/search/?api=1&query=40.7243890%2C-73.991552,Contemporary Indian,4.5,$31 to $50,40.724433,-73.991532,10003
The Musket Room,"265 Elizabeth St. CI New York, NY  10012",//www.google.com/maps/search/?api=1&query=40.7238560%2C-73.993735,International,4.7,$31 to $50,40.7239263,-73.9938218,10012
Delmonico's,"56 Beaver Street New York, NY  10004",//www.google.com/maps/search/?api=1&query=40.7050000%2C-74.01,Steakhouse,4.7,$50 and over,40.7049925,-74.0105948,10004
Root & Bone,"200 E 3rd Street New York, NY  10009",//www.google.com/maps/search/?api=1&query=40.7227440%2C-73.983243,Southern,4.5,$31 to $50,40.7226894,-73.9833023,10009
B?tard,"239 West Broadway New York, NY  10013",//www.google.com/maps/search/?api=1&query=40.7196440%2C-74.005962,Modern European,4.7,$50 and over,40.7194666,-74.0057516,10013
Left Bank NYC,"117 Perry Street New York, NY  10014",//www.google.com/maps/search/?api=1&query=40.7351270%2C-74.00673,American,4.4,$31 to $50,40.7351876,-74.0067386,10014
American Cut Steakhouse,"363 Greenwich Street New York, NY  10013",//www.google.com/maps/search/?api=1&query=40.7193040%2C-74.010204,Steakhouse,4.6,$31 to $50,40.7190959,-74.009992,10013
Khe-Yo,"157 Duane St. New York, NY  10013",//www.google.com/maps/search/?api=1&query=40.7169060%2C-74.008586,Laotian,4.6,$31 to $50,40.716906,-74.008587,10013
Toloache Thompson St.,"205 Thompson St. New York, NY  10012",//www.google.com/maps/search/?api=1&query=40.7285320%2C-73.99961,Mexican,4.4,$31 to $50,40.7287442,-73.9995539,10012
Nobu Downtown | Bar & Lounge,"195 Broadway New York, NY  10007",//www.google.com/maps/search/?api=1&query=40.7109650%2C-74.009676,Japanese,4.7,$50 and over,40.7111,-74.0093,10007
Feast,"102 3rd Ave. New York, NY  10003",//www.google.com/maps/search/?api=1&query=40.7325550%2C-73.98797,Contemporary American,4.6,$31 to $50,40.7325298,-73.9880648,10003
Temple Court,"5 Beekman Street New York, NY  10003",//www.google.com/maps/search/?api=1&query=40.7111940%2C-74.006901,American,4.5,$31 to $50,40.7112749,-74.0068449,10003
Pera Soho,"54 Thompson Street New York, NY  10012",//www.google.com/maps/search/?api=1&query=40.7239430%2C-74.00341,Mediterranean,4.2,$31 to $50,40.7237816,-74.0032266,10012
Tribeca Grill,"375 Greenwich St New York, NY  10013",//www.google.com/maps/search/?api=1&query=40.7200000%2C-74.01,American,4.2,$31 to $50,40.7196303,-74.0097684,10013
Fifty,"50 Commerce St New York, NY  10014",//www.google.com/maps/search/?api=1&query=40.7313430%2C-74.005704,Contemporary American,4.6,$31 to $50,40.7313538,-74.0057057,10014
Dos Caminos - SoHo,"475 West Broadway at Houston Street New York, NY  10012",//www.google.com/maps/search/?api=1&query=40.7265680%2C-73.999865,Mexican,4,$31 to $50,40.7265737,-73.9999034,10012
Noreetuh,"128 1st Avenue New York, NY  10009",//www.google.com/maps/search/?api=1&query=40.7272640%2C-73.985197,American,4.7,$31 to $50,40.7272851,-73.9852368,10009
El Toro Blanco,"257 Sixth Avenue New York, NY  10014",//www.google.com/maps/search/?api=1&query=40.7289690%2C-74.002547,Mexican,4,$31 to $50,40.7290259,-74.002807,10014
SAN CARLO  Osteria Piemonte,"90 Thompson St New York, NY  10012",//www.google.com/maps/search/?api=1&query=40.7251350%2C-74.002087,Italian,4.6,$31 to $50,40.725135,-74.002087,10012
The Library at the Public,"425 Lafayette Street New York, NY  10003",//www.google.com/maps/search/?api=1&query=40.7291360%2C-73.992028,American,4,$30 and under,40.7290178,-73.9917494,10003
CUT By Wolfgang Puck at FS Downtown New York,"99 Church St New York, NY  10007",//www.google.com/maps/search/?api=1&query=40.7128030%2C-74.009064,Steak,4.5,$31 to $50,40.7128554,-74.0093466,10007
Osteria della Pace - Eataly NYC Downtown,"101 Liberty St Floor 3 New York, NY  10006",//www.google.com/maps/search/?api=1&query=40.7097160%2C-74.011713,Italian,4.3,$31 to $50,40.7100647,-74.0119758,10006
Tuome,"536 E. 5th St. New York, NY  10009",//www.google.com/maps/search/?api=1&query=40.7239980%2C-73.982948,Contemporary American,4.7,$31 to $50,40.723998,-73.982949,10009
Barano,"26 Broadway Brooklyn, NY  11249",//www.google.com/maps/search/?api=1&query=40.7103280%2C-73.96784,Italian,4.7,$30 and under,40.7103553,-73.9678051,11249
Buttermilk Channel,"524 Court Street Brooklyn, NY  11231",//www.google.com/maps/search/?api=1&query=40.6759850%2C-73.999214,American,4.7,$31 to $50,40.6759857,-73.9992141,11231
La Loteria,"29 7th Ave South New York, NY  10014",//www.google.com/maps/search/?api=1&query=40.7307520%2C-74.004144,Contemporary Mexican,4.5,$31 to $50,40.7308623,-74.0041448,10014
Il Mulino Prime,"331 West Broadway New York, NY  10013",//www.google.com/maps/search/?api=1&query=40.7221840%2C-74.003747,Italian,4.4,$50 and over,40.7221926,-74.0037316,10013
Socarrat Paella Bar - Nolita,"284 Mulberry St. New York, NY  10012",//www.google.com/maps/search/?api=1&query=40.7245410%2C-73.995099,Spanish,4.4,$31 to $50,40.7244569,-73.994917,10012
La Sirene,"558  Broome Street (closer to Varick) New York, NY  10013",//www.google.com/maps/search/?api=1&query=40.7245070%2C-74.005684,French,4.6,$31 to $50,40.724543,-74.005667,10013
Fonda - East Village,"40 Avenue B New York, NY  10009",//www.google.com/maps/search/?api=1&query=40.7228620%2C-73.982978,Contemporary Mexican,4.4,$31 to $50,40.7228922,-73.9830718,10009
Kingsley,"190 Avenue B New York, NY  10009",//www.google.com/maps/search/?api=1&query=40.7280360%2C-73.979336,Contemporary American,4.4,$31 to $50,40.7279952,-73.9793069,10009
Porsena,"21 East 7th Street New York, NY  10003",//www.google.com/maps/search/?api=1&query=40.7286500%2C-73.989432,Italian,4.6,$30 and under,40.7286874,-73.9895021,10003
The Palm Tribeca,"206 West Street New York, NY  10282",//www.google.com/maps/search/?api=1&query=40.7165260%2C-74.012682,Steakhouse,4.5,$50 and over,40.7165789,-74.0126991,10282
Nickel & Diner,"1 Howard St New York, NY  10013",//www.google.com/maps/search/?api=1&query=40.7189010%2C-73.99933,American,4.5,$31 to $50,40.718902,-73.999442,10013
David Burke Kitchen,"23 Grand Street New York, NY  10013",//www.google.com/maps/search/?api=1&query=40.7227830%2C-74.004912,American,4.3,$31 to $50,40.7228421,-74.0048693,10013
Il Cortile Restaurant,"125 Mulberry Street New York, NY  10013",//www.google.com/maps/search/?api=1&query=40.7180010%2C-73.997905,Italian,4.5,$31 to $50,40.7179745,-73.9982225,10013
Felice 15 Gold Street,"15 Gold Street New York, NY  10038",//www.google.com/maps/search/?api=1&query=40.7078900%2C-74.00709,Italian,4.5,$31 to $50,40.7078815,-74.0071288,10038
Cipriani - Wall Street,"55 Wall Street New York, NY  10015",//www.google.com/maps/search/?api=1&query=40.7059380%2C-74.009159,Italian,4.5,$31 to $50,40.7060799,-74.0093198,10015
Rosa Mexicano - TriBeCa,"41 Murray Street New York, NY  10007",//www.google.com/maps/search/?api=1&query=40.7141830%2C-74.008996,Mexican,4,$31 to $50,40.7141031,-74.0090569,10007
North Square,"103 Waverly Place New York, NY  10011",//www.google.com/maps/search/?api=1&query=40.7324390%2C-73.998766,American,4.5,$31 to $50,40.7324496,-73.9987276,10011
Edi and The Wolf,"102 Avenue C New York, NY  10009",//www.google.com/maps/search/?api=1&query=40.7238410%2C-73.978698,Austrian,4.3,$30 and under,40.7238208,-73.9788238,10009
Gran Morsi,"22 Warren Street New York, NY  10007",//www.google.com/maps/search/?api=1&query=40.7143530%2C-74.007741,Italian,4.5,$31 to $50,40.7143072,-74.0077715,10007
Bistrot Leo,"60 Thompson Street New York, NY  10012",//www.google.com/maps/search/?api=1&query=40.7240060%2C-74.00307,French,4.2,$31 to $50,40.7239616,-74.0031348,10012
Reserve Cut at Setai,"40 Broad Street, 2nd Level New York, NY  10004",//www.google.com/maps/search/?api=1&query=40.7059080%2C-74.011807,Kosher,4.6,$50 and over,40.7060275,-74.0117654,10004
Rice & Gold,"50 Bowery New York, NY  10013",//www.google.com/maps/search/?api=1&query=40.7159360%2C-73.996789,Asian,4.2,$31 to $50,40.7158073,-73.9965567,10013
Thalassa,"179 Franklin Street New York, NY  10013",//www.google.com/maps/search/?api=1&query=40.7193000%2C-74.0092,Seafood,4.6,$31 to $50,40.7191955,-74.0095619,10013
Strip House Speakeasy,"11 East 12th Street New York, NY  10003",//www.google.com/maps/search/?api=1&query=40.7344850%2C-73.993432,Steakhouse,4.7,$50 and over,40.7344807,-73.9934479,10003
Greenwich Steakhouse,"62 Greenwich Ave New York, NY  10011",//www.google.com/maps/search/?api=1&query=40.7360770%2C-74.00057,Steakhouse,4.3,$50 and over,40.7360835,-74.0005983,10011
Schilling,"109 Washington Street New york, NY  10028",//www.google.com/maps/search/?api=1&query=40.7085740%2C-74.013989,Austrian,4.5,$30 and under,40.7085801,-74.0139689,10028
Morton's The Steakhouse - World Trade Center,"136 Washington New York, NY  10006",//www.google.com/maps/search/?api=1&query=40.7095790%2C-74.013907,Steakhouse,4.7,$50 and over,40.7097089,-74.0139508,10006
MarkJoseph Steakhouse,"261 Water Street New York, NY  10038",//www.google.com/maps/search/?api=1&query=40.7084090%2C-74.001578,Steakhouse,4.7,$50 and over,40.7083559,-74.0014821,10038
The Tuck Room- New York,"11 Fulton Street New York, NY  10038",//www.google.com/maps/search/?api=1&query=40.7067820%2C-74.003289,Gastro Pub,4,$30 and under,-74.0031157,10038,
Talde,"369 7th Avenue Brooklyn, NY  11215",//www.google.com/maps/search/?api=1&query=40.6654470%2C-73.982542,Asian,4.4,$30 and under,40.6654492,-73.9825668,11215
Bar Freud,"506 LaGuardia Place New York, NY  10012",//www.google.com/maps/search/?api=1&query=40.7277230%2C-73.999535,Austrian,4.4,$31 to $50,40.7277403,-73.9995539,10012
Yellow Magnolia Caf?,"Brooklyn Botanic Garden 990 Washington Ave Brooklyn, NY  11225",//www.google.com/maps/search/?api=1&query=40.6694370%2C-73.962844,American,4.4,$30 and under,40.6694113,-73.9623736,11225
Benchmark Restaurant,"339A Second St. Brooklyn, NY  11215",//www.google.com/maps/search/?api=1&query=40.6736470%2C-73.983262,Contemporary American,4.5,$31 to $50,40.6737664,-73.9831636,11215
Altesi Downtown,"200 Spring Street New York, NY  10012",//www.google.com/maps/search/?api=1&query=40.7252000%2C-74.0033,Italian,4.5,$31 to $50,40.7250957,-74.0033108,10012
Harvey @ The Williamsburg Hotel,"96 Wythe Ave Brooklyn, NY  11249",//www.google.com/maps/search/?api=1&query=40.7214770%2C-73.958723,Contemporary American,4,$30 and under,40.7216012,-73.958897,11249
ATRIO Wine Bar & Restaurant,"102 North End Avenue New York, NY  10282",//www.google.com/maps/search/?api=1&query=40.7147890%2C-74.016179,Contemporary American,4.6,$31 to $50,40.7150553,-74.015696,10282
Bobby Van's Steakhouse - Broad Street,"25 Broad Street New York, NY  10004",//www.google.com/maps/search/?api=1&query=40.7062700%2C-74.011272,Steakhouse,4.4,$31 to $50,40.70601,-74.0108846,10004
Brasserie Seoul,"300 Schermerhorn St. Brooklyn, NY  11217",//www.google.com/maps/search/?api=1&query=40.6873870%2C-73.982519,Contemporary French,4.1,$30 and under,40.6873592,-73.9824046,11217
Greenhouse Cafe,"7717 3rd Avenue Brooklyn, NY  11209-3001",//www.google.com/maps/search/?api=1&query=40.6295190%2C-74.028273,Continental,4.5,$30 and under,40.6295393,-74.0283024,NA
"Lorenzo's Restaurant, Bar & Caberet - Hilton Garden Inn - SI","1100 South Ave. Staten Island, NY  10314",//www.google.com/maps/search/?api=1&query=40.6147900%2C-74.176557,Italian,4.6,$31 to $50,40.6145769,-74.1772081,10314
